--
-- PostgreSQL database dump
--

-- Dumped from database version 9.5.7
-- Dumped by pg_dump version 9.5.7

-- Started on 2017-07-06 10:38:13 MSK

SET statement_timeout = 0;
SET lock_timeout = 0;
SET client_encoding = 'UTF8';
SET standard_conforming_strings = on;
SET check_function_bodies = false;
SET client_min_messages = warning;
SET row_security = off;

--
-- TOC entry 1 (class 3079 OID 12395)
-- Name: plpgsql; Type: EXTENSION; Schema: -; Owner: 
--

CREATE EXTENSION IF NOT EXISTS plpgsql WITH SCHEMA pg_catalog;


--
-- TOC entry 2240 (class 0 OID 0)
-- Dependencies: 1
-- Name: EXTENSION plpgsql; Type: COMMENT; Schema: -; Owner: 
--

COMMENT ON EXTENSION plpgsql IS 'PL/pgSQL procedural language';


SET search_path = public, pg_catalog;

SET default_tablespace = '';

SET default_with_oids = false;

--
-- TOC entry 184 (class 1259 OID 16728)
-- Name: address; Type: TABLE; Schema: public; Owner: postgres
--

CREATE TABLE address (
    id integer NOT NULL,
    building integer NOT NULL,
    flat_no integer NOT NULL,
    street character varying(128) NOT NULL,
    city_id integer
);


ALTER TABLE address OWNER TO postgres;

--
-- TOC entry 193 (class 1259 OID 16826)
-- Name: city; Type: TABLE; Schema: public; Owner: postgres
--

CREATE TABLE city (
    city_id integer NOT NULL,
    city_name character varying(128)
);


ALTER TABLE city OWNER TO postgres;

--
-- TOC entry 192 (class 1259 OID 16824)
-- Name: city_city_id_seq; Type: SEQUENCE; Schema: public; Owner: postgres
--

CREATE SEQUENCE city_city_id_seq
    START WITH 1
    INCREMENT BY 1
    NO MINVALUE
    NO MAXVALUE
    CACHE 1;


ALTER TABLE city_city_id_seq OWNER TO postgres;

--
-- TOC entry 2241 (class 0 OID 0)
-- Dependencies: 192
-- Name: city_city_id_seq; Type: SEQUENCE OWNED BY; Schema: public; Owner: postgres
--

ALTER SEQUENCE city_city_id_seq OWNED BY city.city_id;


--
-- TOC entry 186 (class 1259 OID 16748)
-- Name: manufacturer; Type: TABLE; Schema: public; Owner: postgres
--

CREATE TABLE manufacturer (
    manufacturer_id integer NOT NULL,
    name character varying(256) NOT NULL
);


ALTER TABLE manufacturer OWNER TO postgres;

--
-- TOC entry 191 (class 1259 OID 16813)
-- Name: order_details; Type: TABLE; Schema: public; Owner: postgres
--

CREATE TABLE order_details (
    order_details_id integer NOT NULL,
    dateorder timestamp without time zone,
    qty integer
);


ALTER TABLE order_details OWNER TO postgres;

--
-- TOC entry 190 (class 1259 OID 16811)
-- Name: order_details_order_details_id_seq; Type: SEQUENCE; Schema: public; Owner: postgres
--

CREATE SEQUENCE order_details_order_details_id_seq
    START WITH 1
    INCREMENT BY 1
    NO MINVALUE
    NO MAXVALUE
    CACHE 1;


ALTER TABLE order_details_order_details_id_seq OWNER TO postgres;

--
-- TOC entry 2242 (class 0 OID 0)
-- Dependencies: 190
-- Name: order_details_order_details_id_seq; Type: SEQUENCE OWNED BY; Schema: public; Owner: postgres
--

ALTER SEQUENCE order_details_order_details_id_seq OWNED BY order_details.order_details_id;


--
-- TOC entry 181 (class 1259 OID 16693)
-- Name: orders; Type: TABLE; Schema: public; Owner: postgres
--

CREATE TABLE orders (
    id integer NOT NULL,
    product_id integer,
    partner_id integer,
    order_details_id integer
);


ALTER TABLE orders OWNER TO postgres;

--
-- TOC entry 189 (class 1259 OID 16790)
-- Name: partner; Type: TABLE; Schema: public; Owner: postgres
--

CREATE TABLE partner (
    partner_id integer NOT NULL,
    person_id integer,
    salon_id integer
);


ALTER TABLE partner OWNER TO postgres;

--
-- TOC entry 188 (class 1259 OID 16788)
-- Name: partner_partner_id_seq; Type: SEQUENCE; Schema: public; Owner: postgres
--

CREATE SEQUENCE partner_partner_id_seq
    START WITH 1
    INCREMENT BY 1
    NO MINVALUE
    NO MAXVALUE
    CACHE 1;


ALTER TABLE partner_partner_id_seq OWNER TO postgres;

--
-- TOC entry 2243 (class 0 OID 0)
-- Dependencies: 188
-- Name: partner_partner_id_seq; Type: SEQUENCE OWNED BY; Schema: public; Owner: postgres
--

ALTER SEQUENCE partner_partner_id_seq OWNED BY partner.partner_id;


--
-- TOC entry 185 (class 1259 OID 16733)
-- Name: person; Type: TABLE; Schema: public; Owner: postgres
--

CREATE TABLE person (
    person_id integer NOT NULL,
    firstname character varying(128) NOT NULL,
    lastname character varying(128) NOT NULL,
    phonenumber character varying(20) NOT NULL,
    address_id integer
);


ALTER TABLE person OWNER TO postgres;

--
-- TOC entry 187 (class 1259 OID 16755)
-- Name: product; Type: TABLE; Schema: public; Owner: postgres
--

CREATE TABLE product (
    product_id integer NOT NULL,
    name character varying(256),
    manufacturer_id integer,
    price money
);


ALTER TABLE product OWNER TO postgres;

--
-- TOC entry 183 (class 1259 OID 16709)
-- Name: salon; Type: TABLE; Schema: public; Owner: postgres
--

CREATE TABLE salon (
    salon_id integer NOT NULL,
    salon_name character varying(128) NOT NULL
);


ALTER TABLE salon OWNER TO postgres;

--
-- TOC entry 182 (class 1259 OID 16707)
-- Name: salon_salon_id_seq; Type: SEQUENCE; Schema: public; Owner: postgres
--

CREATE SEQUENCE salon_salon_id_seq
    START WITH 1
    INCREMENT BY 1
    NO MINVALUE
    NO MAXVALUE
    CACHE 1;


ALTER TABLE salon_salon_id_seq OWNER TO postgres;

--
-- TOC entry 2244 (class 0 OID 0)
-- Dependencies: 182
-- Name: salon_salon_id_seq; Type: SEQUENCE OWNED BY; Schema: public; Owner: postgres
--

ALTER SEQUENCE salon_salon_id_seq OWNED BY salon.salon_id;


--
-- TOC entry 194 (class 1259 OID 16838)
-- Name: zip_code; Type: TABLE; Schema: public; Owner: postgres
--

CREATE TABLE zip_code (
    zip_code integer NOT NULL
);


ALTER TABLE zip_code OWNER TO postgres;

--
-- TOC entry 195 (class 1259 OID 16843)
-- Name: zip_code_catalog; Type: TABLE; Schema: public; Owner: postgres
--

CREATE TABLE zip_code_catalog (
    street character varying(128) NOT NULL,
    zip_code integer
);


ALTER TABLE zip_code_catalog OWNER TO postgres;

--
-- TOC entry 2069 (class 2604 OID 16829)
-- Name: city_id; Type: DEFAULT; Schema: public; Owner: postgres
--

ALTER TABLE ONLY city ALTER COLUMN city_id SET DEFAULT nextval('city_city_id_seq'::regclass);


--
-- TOC entry 2068 (class 2604 OID 16816)
-- Name: order_details_id; Type: DEFAULT; Schema: public; Owner: postgres
--

ALTER TABLE ONLY order_details ALTER COLUMN order_details_id SET DEFAULT nextval('order_details_order_details_id_seq'::regclass);


--
-- TOC entry 2067 (class 2604 OID 16793)
-- Name: partner_id; Type: DEFAULT; Schema: public; Owner: postgres
--

ALTER TABLE ONLY partner ALTER COLUMN partner_id SET DEFAULT nextval('partner_partner_id_seq'::regclass);


--
-- TOC entry 2066 (class 2604 OID 16712)
-- Name: salon_id; Type: DEFAULT; Schema: public; Owner: postgres
--

ALTER TABLE ONLY salon ALTER COLUMN salon_id SET DEFAULT nextval('salon_salon_id_seq'::regclass);


--
-- TOC entry 2221 (class 0 OID 16728)
-- Dependencies: 184
-- Data for Name: address; Type: TABLE DATA; Schema: public; Owner: postgres
--

COPY address (id, building, flat_no, street, city_id) FROM stdin;
1	77	54	ул. Александра Косарева	1
2	1	55	ул. Кесаева	1
\.


--
-- TOC entry 2230 (class 0 OID 16826)
-- Dependencies: 193
-- Data for Name: city; Type: TABLE DATA; Schema: public; Owner: postgres
--

COPY city (city_id, city_name) FROM stdin;
1	Севастополь
\.


--
-- TOC entry 2245 (class 0 OID 0)
-- Dependencies: 192
-- Name: city_city_id_seq; Type: SEQUENCE SET; Schema: public; Owner: postgres
--

SELECT pg_catalog.setval('city_city_id_seq', 1, true);


--
-- TOC entry 2223 (class 0 OID 16748)
-- Dependencies: 186
-- Data for Name: manufacturer; Type: TABLE DATA; Schema: public; Owner: postgres
--

COPY manufacturer (manufacturer_id, name) FROM stdin;
1	Matrix
2	Loreal
3	Blond
4	Союз
\.


--
-- TOC entry 2228 (class 0 OID 16813)
-- Dependencies: 191
-- Data for Name: order_details; Type: TABLE DATA; Schema: public; Owner: postgres
--

COPY order_details (order_details_id, dateorder, qty) FROM stdin;
1	2017-07-03 12:15:01	3
2	2017-07-03 12:16:01	2
3	2017-07-02 11:01:01	12
4	2017-07-02 11:01:01	120
\.


--
-- TOC entry 2246 (class 0 OID 0)
-- Dependencies: 190
-- Name: order_details_order_details_id_seq; Type: SEQUENCE SET; Schema: public; Owner: postgres
--

SELECT pg_catalog.setval('order_details_order_details_id_seq', 4, true);


--
-- TOC entry 2218 (class 0 OID 16693)
-- Dependencies: 181
-- Data for Name: orders; Type: TABLE DATA; Schema: public; Owner: postgres
--

COPY orders (id, product_id, partner_id, order_details_id) FROM stdin;
5	1	1	1
6	1	2	1
7	1	3	1
8	2	1	2
9	2	2	2
10	2	3	2
11	3	4	3
12	3	5	3
13	3	6	3
14	4	4	4
15	4	5	4
16	4	6	4
\.


--
-- TOC entry 2226 (class 0 OID 16790)
-- Dependencies: 189
-- Data for Name: partner; Type: TABLE DATA; Schema: public; Owner: postgres
--

COPY partner (partner_id, person_id, salon_id) FROM stdin;
1	1	1
2	1	2
3	1	4
4	2	3
5	2	4
6	2	5
\.


--
-- TOC entry 2247 (class 0 OID 0)
-- Dependencies: 188
-- Name: partner_partner_id_seq; Type: SEQUENCE SET; Schema: public; Owner: postgres
--

SELECT pg_catalog.setval('partner_partner_id_seq', 6, true);


--
-- TOC entry 2222 (class 0 OID 16733)
-- Dependencies: 185
-- Data for Name: person; Type: TABLE DATA; Schema: public; Owner: postgres
--

COPY person (person_id, firstname, lastname, phonenumber, address_id) FROM stdin;
1	Денис	Петров	+79784567897	1
2	Юлия	Бабкина	+79784168585	2
\.


--
-- TOC entry 2224 (class 0 OID 16755)
-- Dependencies: 187
-- Data for Name: product; Type: TABLE DATA; Schema: public; Owner: postgres
--

COPY product (product_id, name, manufacturer_id, price) FROM stdin;
1	Краска для волос	1	899.01 руб
2	Краска для волос	2	599.12 руб
3	Краска для волос	3	299.12 руб
4	Полотенца одноразовые	4	199.12 руб
\.


--
-- TOC entry 2220 (class 0 OID 16709)
-- Dependencies: 183
-- Data for Name: salon; Type: TABLE DATA; Schema: public; Owner: postgres
--

COPY salon (salon_id, salon_name) FROM stdin;
1	Е-Студия
2	Ле-туаль
3	UpDo
4	ViVa
5	Diana
\.


--
-- TOC entry 2248 (class 0 OID 0)
-- Dependencies: 182
-- Name: salon_salon_id_seq; Type: SEQUENCE SET; Schema: public; Owner: postgres
--

SELECT pg_catalog.setval('salon_salon_id_seq', 5, true);


--
-- TOC entry 2231 (class 0 OID 16838)
-- Dependencies: 194
-- Data for Name: zip_code; Type: TABLE DATA; Schema: public; Owner: postgres
--

COPY zip_code (zip_code) FROM stdin;
299006
299003
\.


--
-- TOC entry 2232 (class 0 OID 16843)
-- Dependencies: 195
-- Data for Name: zip_code_catalog; Type: TABLE DATA; Schema: public; Owner: postgres
--

COPY zip_code_catalog (street, zip_code) FROM stdin;
ул. Александра Косарева	299006
ул. Кесаева	299003
\.


--
-- TOC entry 2075 (class 2606 OID 16732)
-- Name: address_pkey; Type: CONSTRAINT; Schema: public; Owner: postgres
--

ALTER TABLE ONLY address
    ADD CONSTRAINT address_pkey PRIMARY KEY (id);


--
-- TOC entry 2089 (class 2606 OID 16831)
-- Name: city_pkey; Type: CONSTRAINT; Schema: public; Owner: postgres
--

ALTER TABLE ONLY city
    ADD CONSTRAINT city_pkey PRIMARY KEY (city_id);


--
-- TOC entry 2081 (class 2606 OID 16752)
-- Name: manufacturer_pkey; Type: CONSTRAINT; Schema: public; Owner: postgres
--

ALTER TABLE ONLY manufacturer
    ADD CONSTRAINT manufacturer_pkey PRIMARY KEY (manufacturer_id);


--
-- TOC entry 2087 (class 2606 OID 16818)
-- Name: order_details_pkey; Type: CONSTRAINT; Schema: public; Owner: postgres
--

ALTER TABLE ONLY order_details
    ADD CONSTRAINT order_details_pkey PRIMARY KEY (order_details_id);


--
-- TOC entry 2071 (class 2606 OID 16700)
-- Name: orders_pkey; Type: CONSTRAINT; Schema: public; Owner: postgres
--

ALTER TABLE ONLY orders
    ADD CONSTRAINT orders_pkey PRIMARY KEY (id);


--
-- TOC entry 2085 (class 2606 OID 16795)
-- Name: partner_pkey; Type: CONSTRAINT; Schema: public; Owner: postgres
--

ALTER TABLE ONLY partner
    ADD CONSTRAINT partner_pkey PRIMARY KEY (partner_id);


--
-- TOC entry 2077 (class 2606 OID 16754)
-- Name: person_address_key; Type: CONSTRAINT; Schema: public; Owner: postgres
--

ALTER TABLE ONLY person
    ADD CONSTRAINT person_address_key UNIQUE (address_id);


--
-- TOC entry 2079 (class 2606 OID 16737)
-- Name: person_pkey; Type: CONSTRAINT; Schema: public; Owner: postgres
--

ALTER TABLE ONLY person
    ADD CONSTRAINT person_pkey PRIMARY KEY (person_id);


--
-- TOC entry 2083 (class 2606 OID 16759)
-- Name: product_pkey; Type: CONSTRAINT; Schema: public; Owner: postgres
--

ALTER TABLE ONLY product
    ADD CONSTRAINT product_pkey PRIMARY KEY (product_id);


--
-- TOC entry 2073 (class 2606 OID 16714)
-- Name: salon_pkey; Type: CONSTRAINT; Schema: public; Owner: postgres
--

ALTER TABLE ONLY salon
    ADD CONSTRAINT salon_pkey PRIMARY KEY (salon_id);


--
-- TOC entry 2093 (class 2606 OID 16847)
-- Name: zip_code_catalog_pkey; Type: CONSTRAINT; Schema: public; Owner: postgres
--

ALTER TABLE ONLY zip_code_catalog
    ADD CONSTRAINT zip_code_catalog_pkey PRIMARY KEY (street);


--
-- TOC entry 2091 (class 2606 OID 16842)
-- Name: zip_code_pkey; Type: CONSTRAINT; Schema: public; Owner: postgres
--

ALTER TABLE ONLY zip_code
    ADD CONSTRAINT zip_code_pkey PRIMARY KEY (zip_code);


--
-- TOC entry 2097 (class 2606 OID 16833)
-- Name: address_city_id_fkey; Type: FK CONSTRAINT; Schema: public; Owner: postgres
--

ALTER TABLE ONLY address
    ADD CONSTRAINT address_city_id_fkey FOREIGN KEY (city_id) REFERENCES city(city_id);


--
-- TOC entry 2098 (class 2606 OID 16853)
-- Name: address_street_fkey; Type: FK CONSTRAINT; Schema: public; Owner: postgres
--

ALTER TABLE ONLY address
    ADD CONSTRAINT address_street_fkey FOREIGN KEY (street) REFERENCES zip_code_catalog(street);


--
-- TOC entry 2099 (class 2606 OID 16738)
-- Name: fk_address_id; Type: FK CONSTRAINT; Schema: public; Owner: postgres
--

ALTER TABLE ONLY person
    ADD CONSTRAINT fk_address_id FOREIGN KEY (address_id) REFERENCES address(id);


--
-- TOC entry 2096 (class 2606 OID 16819)
-- Name: orders_order_details_id_fkey; Type: FK CONSTRAINT; Schema: public; Owner: postgres
--

ALTER TABLE ONLY orders
    ADD CONSTRAINT orders_order_details_id_fkey FOREIGN KEY (order_details_id) REFERENCES order_details(order_details_id);


--
-- TOC entry 2095 (class 2606 OID 16806)
-- Name: orders_partner_id_fkey; Type: FK CONSTRAINT; Schema: public; Owner: postgres
--

ALTER TABLE ONLY orders
    ADD CONSTRAINT orders_partner_id_fkey FOREIGN KEY (partner_id) REFERENCES partner(partner_id);


--
-- TOC entry 2094 (class 2606 OID 16765)
-- Name: orders_product_id_fkey; Type: FK CONSTRAINT; Schema: public; Owner: postgres
--

ALTER TABLE ONLY orders
    ADD CONSTRAINT orders_product_id_fkey FOREIGN KEY (product_id) REFERENCES product(product_id);


--
-- TOC entry 2101 (class 2606 OID 16796)
-- Name: partner_person_id_fkey; Type: FK CONSTRAINT; Schema: public; Owner: postgres
--

ALTER TABLE ONLY partner
    ADD CONSTRAINT partner_person_id_fkey FOREIGN KEY (person_id) REFERENCES person(person_id);


--
-- TOC entry 2102 (class 2606 OID 16801)
-- Name: partner_salon_id_fkey; Type: FK CONSTRAINT; Schema: public; Owner: postgres
--

ALTER TABLE ONLY partner
    ADD CONSTRAINT partner_salon_id_fkey FOREIGN KEY (salon_id) REFERENCES salon(salon_id);


--
-- TOC entry 2100 (class 2606 OID 16760)
-- Name: product_manufacturer_id_fkey; Type: FK CONSTRAINT; Schema: public; Owner: postgres
--

ALTER TABLE ONLY product
    ADD CONSTRAINT product_manufacturer_id_fkey FOREIGN KEY (manufacturer_id) REFERENCES manufacturer(manufacturer_id);


--
-- TOC entry 2103 (class 2606 OID 16848)
-- Name: zip_code_catalog_zip_code_fkey; Type: FK CONSTRAINT; Schema: public; Owner: postgres
--

ALTER TABLE ONLY zip_code_catalog
    ADD CONSTRAINT zip_code_catalog_zip_code_fkey FOREIGN KEY (zip_code) REFERENCES zip_code(zip_code);


--
-- TOC entry 2239 (class 0 OID 0)
-- Dependencies: 6
-- Name: public; Type: ACL; Schema: -; Owner: postgres
--

REVOKE ALL ON SCHEMA public FROM PUBLIC;
REVOKE ALL ON SCHEMA public FROM postgres;
GRANT ALL ON SCHEMA public TO postgres;
GRANT ALL ON SCHEMA public TO PUBLIC;


-- Completed on 2017-07-06 10:38:13 MSK

--
-- PostgreSQL database dump complete
--

